text,sentiment,confidence,source,created_at
"5 ""Governments"" of 3-4 Ss chose 6 #rights that were most important (1st pic). They assembled, tallied choices. A mi…",Neutral,0.7136,twitter,2026-05-21T22:46:21
Are you prepared for the latest craze? #Hatchimals #blackfriday,Neutral,0.6152,twitter,2026-05-22T05:14:29
@user you cited living wage. Minimum wage wasn't made to be a king off of,Negative,0.4858,twitter,2026-05-22T11:44:57
I'm not going to sack Tony romo but I will sack dak,Neutral,0.6259,twitter,2026-05-22T12:27:40
@user #GilmoreGirlsTop4 Top 4 + invisible 51. Jess 😍2. Paris😂3. Luke💜4. Sookie🎈5. Taylor 😅,Neutral,0.8297,twitter,2026-05-22T16:07:16
"@user @user Not to mention he used a racial slur at a nationally televised debate. ""Bad hombres"" -Donald Trump.",Negative,0.8264,twitter,2026-05-22T19:01:53
@user  John Cusack needed a closer look 👀 #Mole#Davos,Neutral,0.9053,twitter,2026-05-22T23:56:14
Tipp: Musical + Hotel ab 100€ p.P. #schnäppchen #deal #dealz #sparen #tipp,Neutral,0.8153,twitter,2026-05-23T00:22:14
"Easy week for the huskers learning the playbook this week, slant, deep fade very creative",Positive,0.9537,twitter,2026-05-23T02:26:04
"This BET special, ""Love and Happiness"" celebrating Obama is off the CHAIN #ThankYouObama",Positive,0.9718,twitter,2026-05-23T06:38:25
Really though was Justin Verlander up there?,Neutral,0.8944,twitter,2026-05-23T10:25:58
Trump did not win the popular vote. I expect there to be proof to a scientific certainty that our election was tampered with.,Negative,0.5998,twitter,2026-05-23T11:57:41
The Nazi Democrats are using exactly the very same propaganda strategies and methods as Hitler's Joseph Goebbels->conflated deflection,Negative,0.6754,twitter,2026-05-23T12:46:28
The fourth African-Arab summit in #Equatorial_Guinea emphasizes on its support of the proposed Government in #Libya…,Neutral,0.8176,twitter,2026-05-23T15:08:09
#Marijuana is medicine. 4 a very authoritative medical review of #cannabis https://t.co/9VlyPQTnGT No Exp date,Neutral,0.8059,twitter,2026-05-23T17:01:21
WHOEVR KILLS LEO DESERVES DEATH PENALTY @user @user @user @user @user @user,Negative,0.8313,twitter,2026-05-23T19:50:47
"""TSA has recalled the air travel of the Samsung galaxy note 7. If you have this device, please step up to the security line""",Neutral,0.9256,twitter,2026-05-23T20:04:11
"The carnage in #yemen is hardly being covered in Western media. They're not what's known as ""worthy victims""",Negative,0.8116,twitter,2026-05-24T00:58:05
"Special Edition of Impact with Jackie Nespral: Fidel Castro's Burial-- Dec. 4, 2016",Neutral,0.8645,twitter,2026-05-24T04:37:49
@user @user these liberals are acting so brainless in approving/supporting/becoming optimistic on this recount crap,Negative,0.8543,twitter,2026-05-24T05:05:32
WOW!!! ITS INCREDIBLE HOW #FOXNEWS IS SELLING THE #TRUMP BILLIONAIRES AND WALL STREET CROOK CABINET MEMBERS. HEY...,Positive,0.978,twitter,2026-05-24T06:45:55
@user @user The Daily Fail's long association with Nazi ideology a reason? Perhaps?,Negative,0.6999,twitter,2026-05-24T14:19:27
TY @user The latest The painters Daily! Thanks to @user #trumps #deplorables,Positive,0.7521,twitter,2026-05-24T15:04:49
Deep Learning Research Review: Reinforcement Learning,Neutral,0.7895,twitter,2026-05-24T16:17:49
The latest one hundred people you should know! Thanks to @user @user @user #chile #isis,Positive,0.6797,twitter,2026-05-24T16:37:43
Why would I want a #Hatchimals if I couldn't keep a #tamagotchi alive? Kids have it easy these days,Neutral,0.4614,twitter,2026-05-25T01:23:30
"Arlington, TX students protest Trump",Negative,0.5791,twitter,2026-05-25T02:24:05
@user Rudys security company clients are bad hombres but biz is biz! Probably Wouldn't get confirmed! 😪,Negative,0.7781,twitter,2026-05-25T07:03:06
"@user I'm not saying they will, but they can; also: will of the ppl? HRC is winning popular vote by 2 mill, so ... 😉",Positive,0.5311,twitter,2026-05-26T04:54:34
"#MuhammadAli 70% SALE MUHAMMAD ALI, SONNY LISTON 24 X 18 CANVAS & 3 FREE PRINTS SIGNED #Legend #Boxer",Neutral,0.9392,twitter,2026-05-26T05:26:51
"Of course I would out Christopher in my top 4 and it would be a controversial choice, so I'm just not gonna do the #GilmoreGirlsTop4",Negative,0.6983,twitter,2026-05-26T06:25:48
@user Have we heard all of Cigarettes and Valentines now?,Neutral,0.9092,twitter,2026-05-26T07:38:35
"Only entirely. That would be George Hildabeast Soros, taking time off from playing ping pong with Podesta...…",Neutral,0.8262,twitter,2026-05-26T09:23:52
"Hope you all had a great day! OK, back to work up here in the Wasatch! @user vs @user Coverage tomorrow 730e @user",Positive,0.9805,twitter,2026-05-26T11:46:23
"All you hated about Clinton, but worse. Pay for play? Yep. Private server? Got forbidden internet connection. Crooked foundation? Yep. #maga",Negative,0.8829,twitter,2026-05-26T11:50:04
@user @user Petro Poroshenko's an optimist but Putin's bedded down his proxies with WMD everything ready for a war he's staying,Negative,0.5241,twitter,2026-05-26T13:41:17
ICYMI: Obamacare: Selling of the 'Cadillac Tax' - The Biggest Health Scam in US History #tcot #ccot #tlot #lnyhbt #J,Negative,0.7963,twitter,2026-05-26T19:55:59
Messmoorize (from Michael Moore): to panic and lose critical thinking while gaining weight.  #UsefulNewVerbs,Neutral,0.7299,twitter,2026-05-27T03:48:27
See @user and @user on TV talking about #Homeopathy #ten23,Neutral,0.9199,twitter,2026-05-27T04:55:05
"@user Enjoy your wait! You have Google and can type in ""voter suppression"", I presume.",Positive,0.9499,twitter,2026-05-27T06:30:41
Usher can STILL sing. Praise God. #ThankYouObama,Positive,0.9755,twitter,2026-05-27T06:44:36
DemocRATs say tell want to give Trump a chance? While they secretly plan sabotage? GOP Congress is expected to fight & approve Trump cabinet,Neutral,0.6038,twitter,2026-05-27T07:55:38
3D Printing Replacement Bands with Clasps for Fitbit,Neutral,0.8251,twitter,2026-05-27T16:08:08
It all adds up to why @user won the election .. Voter Suppression .. Money over Votes .. Criminal Behavo…,Negative,0.8305,twitter,2026-05-27T16:43:58
Gun Show Thursday's #FantasticBeasts #GloryDays #healthcare #NationalFastFoodDay #FantasticBeastsAndWhereToFindThem,Positive,0.9369,twitter,2026-05-27T20:44:05
The Bad Hombres  #TrumpInauguralBands,Negative,0.7145,twitter,2026-05-28T00:53:56
A million dollars a day? How the hell are we okay with this.,Negative,0.6464,twitter,2026-05-28T01:10:18
The latest The Croatia Travel Daily! Thanks to @user @user @user #travel #travelboldly,Positive,0.9232,twitter,2026-05-28T01:29:02
@user You were on the plane to Davos with Bill Clinton. #DavosClass,Neutral,0.9107,twitter,2026-05-28T05:06:51
A Very Scientific Analysis Of Melania Trump's 'Plagiarised' Speech,Neutral,0.7268,twitter,2026-05-28T07:23:32
"Bob Dylan, Seasick Steve and rock’s great hits and myths – The Sydney Morning Herald",Positive,0.9142,twitter,2026-05-28T09:24:08
People relate with people like them.They share ideologies and philosophies!#StillWithHer,Neutral,0.5169,twitter,2026-05-28T12:56:57
Retweeted The Linux Foundation (@linuxfoundation):Microsoft has joined The Linux Foundation after a display of...,Neutral,0.8992,twitter,2026-05-28T14:49:22
"Municipal Guard in al-Kuwaifiya (West of #Benghazi) dispose of 13,000 frozen chickens unfit for consumption. #Libya…",Negative,0.6094,twitter,2026-05-28T15:38:38
"@user Normally, it works just fine, with integrity. The past winners confirm that. In this instance, two ballots minus Verlander? Bad",Positive,0.5151,twitter,2026-05-28T16:21:22
"@user @user Will you come out and say you're pro-gay marriage and gay-straight alliances in schools, then?",Neutral,0.8832,twitter,2026-05-28T16:57:22
@user @user @user @user @user @user how about the states Hillary won by less votes??? Them too?,Neutral,0.9143,twitter,2026-05-28T17:07:53
@user The protesting against Trump are as organic as the spontaneous Protest in Benghazi over a video#SorosProtestors,Neutral,0.6234,twitter,2026-05-28T18:28:11
Senator calls on President Obama to reroute pipeline.  What is more important @user company profits or safe water?,Neutral,0.8217,twitter,2026-05-28T18:48:59
Happy funeral to all Liam's girls.AMÈM LIAM PAYNE #MtvStarsNiallHoran #MPN #OneDirection,Positive,0.9757,twitter,2026-05-28T20:52:51
Microsoft joins Linux Foundation in another nod to open-source code - The Seattle Times #sourcecode #news,Neutral,0.7227,twitter,2026-05-29T09:18:37
"when you jacked into your house without keys. hell yeah, i'm david blaine jr.",Neutral,0.4291,twitter,2026-05-29T10:13:42
@user @user @user @user @user Nancy Pelosi and soooo many more w Obama masquerading as a Moderate.,Neutral,0.5673,twitter,2026-05-29T12:11:41
Going to watch #FantasticBeasts tomorrow! \o/@jk_rowling,Positive,0.976,twitter,2026-05-29T13:29:00
@user @user fake emotions & attitude? You're making things up.,Neutral,0.6567,twitter,2026-05-29T13:39:30
Latest Russia News Putin calls Saakashvili’s appo .. #TISNews ...,Neutral,0.8532,twitter,2026-05-29T15:40:09
Palestinians send four firefighting teams to help put out Israeli wildfires #Palestine #Israel,Neutral,0.7956,twitter,2026-05-29T22:33:20
"Mass immigration is turning communities into GHETTOS, report reveals | UK | News | Daily Express:",Negative,0.6946,twitter,2026-05-29T22:47:17
#Spurs #GoSpursGo 2011-12 Panini Black Box #/99 TIM DUNCAN Black Status Elite Rare SPURS!!!! #TimDuncan #NBA,Neutral,0.5468,twitter,2026-05-30T01:49:40
"@user I know the ones around here certainly have. Leaving no stone unturned, no petition unsigned. #StillWithHer @user",Neutral,0.6544,twitter,2026-05-30T02:46:32
@user The same media that hides from the truth about the Clinton Foundation...,Neutral,0.8232,twitter,2026-05-30T04:12:02
Oakland Police Under Fire for Breaking Up Violent Anti-Trump Riots via @user,Negative,0.6534,twitter,2026-05-30T04:45:34
Another reason to love @user Model X showing just some of it's wide range of ability! #EV #DragRace…,Positive,0.9662,twitter,2026-05-30T11:02:22
Here's our #BeautyAndTheBeast trailer breakdown:,Neutral,0.7972,twitter,2026-05-30T11:03:49
DIDNT 👏 I DONT KNO PUTIN wallace: i just dont trump: [takes advantage of a haunted house when im an end-of-the-world party,Negative,0.7652,twitter,2026-05-30T13:49:04
@user he spoke against Tpp and is now speaking out against Dapl. You are just trolling with fake news now,Negative,0.6586,twitter,2026-05-30T20:15:32
ALL NATIONS UNITE.... HUMAN BEINGS STANDING UP TOGETHER WILL FORCE THE CHANGE FROM FOSSIL FUELS TO CLEAN ENERGY...,Positive,0.6109,twitter,2026-05-30T21:08:35
@user @user @user This...https://t.co/7r0rR8oj4u,Neutral,0.9224,twitter,2026-05-31T01:00:50
@user how is this relevant to #BlackLivesMatter? Was the white man a cop?,Neutral,0.8672,twitter,2026-05-31T02:51:39
"⚽️ Training underway at Ciutat Esportiva. Aleix Vidal does not train due to personal reasons, with permission from…",Neutral,0.9193,twitter,2026-05-31T02:57:58
The memory of the terrible crime of the #Holodomor gives us the strength to defend their future.,Negative,0.5315,twitter,2026-05-31T03:41:59
Was able to get #hatchimals but no luck with the #NintendoClassicMini 😡 #blackfridayshopping,Positive,0.7007,twitter,2026-05-31T06:18:20
Before I built a wall {on the Mexican border}I'd ask to knowWhat I was walling inor walling out   - Robert Frost (with my apologies),Neutral,0.7714,twitter,2026-05-31T12:18:30
ALARM 🔔🔔ARE RINGING ....BUT IS ANYBODY HEARING THEM !!https://t.co/rAlDifIl4V,Neutral,0.7044,twitter,2026-05-31T17:25:36
Start riding at this point in time with #Uber Don't wait for the coming day.,Positive,0.9536,twitter,2026-05-31T18:56:28
But I'm learning. And really trying. And taking a lot of deep breaths everyday. I love him so much & I know I'm the best mama for him ❤️,Positive,0.9701,twitter,2026-05-31T20:08:51
@user still haven't received my e-tickets. I better either get my tickets to the @user game or my money back.,Neutral,0.4954,twitter,2026-06-01T04:23:37
@user pope Francis ministering to wicked afflicted and effected,Negative,0.4872,twitter,2026-06-01T05:51:51
"@user old was more like:  import the 3rd world, send kids to die in ME wars, do nothing about abortion, cave on gay marriage",Negative,0.667,twitter,2026-06-01T07:01:23
Do you think @user will build a mall on the Mexican border instead of a wall? @user,Neutral,0.9178,twitter,2026-06-01T10:25:23
"Pocahontas is looking out 4 America, she just wants 2 B sure Trump's transition is moving at an acceptable click &…",Neutral,0.5925,twitter,2026-06-01T11:35:39
"@user Change happens at the margins. Australians aren't all like Dutton, Hanson, alt rightists",Neutral,0.6173,twitter,2026-06-01T11:49:51
#NBA 2012-13 Preferred All-World 8 Player Patch Booklet #/25 Tim Duncan Manu Ginobili,Neutral,0.8559,twitter,2026-06-01T15:30:29
@user @user @user you act like they are going to give us the death penalty so there is a middle ground,Negative,0.7124,twitter,2026-06-01T16:32:41
Story@independentrexhttp://goo.gl/F4zcCZ Vehicle Carrying Fidel Castro's Ashes … see more,Neutral,0.9242,twitter,2026-06-01T19:51:18
@user @user Giving thanks on the corner of @user street -   #p2 #UniteBlue,Positive,0.7161,twitter,2026-06-02T00:06:04
"Porcello nips Verlander, Scherzer romps in Cy Young win :Auto pickup by wikyou",Neutral,0.8366,twitter,2026-06-02T00:55:11
@user I had some of Persona 5 ruined by a YT comment too. At least I think I did. I don't fancy googling it.,Negative,0.8458,twitter,2026-06-02T02:30:08
I just liked “THE FREEWHEELIN' MUSIC DOCUMENTARY: D.A. PENNEBAKER ON BOB DYLAN AND DONT LOOK BACK” on #Vimeo:,Positive,0.9436,twitter,2026-06-02T03:26:37
Kremlin states #Putin Unfazed by #ISIS Threats,Negative,0.7565,twitter,2026-06-02T03:37:53
"@user The common, core belief that we need a wall on the Mexican border.",Neutral,0.8005,twitter,2026-06-02T06:54:48
New Story: Tipp Grad Aubrey Cox Picks Up NCAA Honors,Neutral,0.5497,twitter,2026-06-02T07:21:22
SERCO Smuggle Drugs/Weapons/Children? Connection w/ Julian Assange HRC Comey Obama #Pizzagate #ProofoflifeRead➡️https://t.co/td6HnRV7Pv⬅️,Negative,0.5468,twitter,2026-06-02T09:03:46
It's crowded at the market. It’s Sunday and life in this religious town is back on track after Sabbath.…,Neutral,0.6522,twitter,2026-06-02T11:31:30
Shoutout to former Falcon great & @user guard @user for accepting job with the @user #FalconsEverywhere,Positive,0.6133,twitter,2026-06-02T13:22:01
I think Michael Moore will be one of the pallbearers.,Neutral,0.7715,twitter,2026-06-02T14:08:37
"#legalize, #marijuananews Group plans to protest Sen. Jeff Sessions, Trump's AG pick, over anti-marijuana stance",Neutral,0.5139,twitter,2026-06-02T19:11:00
"Samto 3D Pen Version 3 for 3D Drawing, Printing.. #rt2gain #teamfollowback #followback #f4f",Neutral,0.8713,twitter,2026-06-02T22:10:26
"The fact that mike pence thinks there's a ""cure"" for being gay is absolutely the most ridiculous statement I have ever heard in my life",Negative,0.8591,twitter,2026-06-03T01:09:53
"@user We dont hav Obamacare but this piece was 👌🏼. I wish DT cud keep ins 4 all, but ⬆️competition so we're not the ones paying for it!",Negative,0.7427,twitter,2026-06-03T03:50:39
"@user Too bad, the FIX is in for Pelosi!  democrates cant having somone work on REAL problems, they need to keep BASHING @user",Negative,0.8784,twitter,2026-06-03T08:07:16
The Boondoggle Of Infrastructure Spending #tcot #tpp,Negative,0.665,twitter,2026-06-03T12:59:32
#ThankYouObama I love u,Positive,0.9814,twitter,2026-06-03T13:20:18
Philippines 'should reject' reinstatement of death penalty,Neutral,0.6084,twitter,2026-06-03T13:41:19
The #fucktard left still whining about losing and recounts while Trump picks his cabinet like a #Boss . @user can't buy this election,Negative,0.86,twitter,2026-06-03T13:51:25
Sharon needles is doing Melania trump n the crowd is chanting CULEERAA,Neutral,0.8427,twitter,2026-06-03T15:39:06
"Low minimum wage, high prices, poor exchange rate, no light, bad roads etc, etc",Negative,0.792,twitter,2026-06-03T18:27:25
We need the death penalty introduced (and implemented) for theft of public funds while one is an elected or state o…,Negative,0.6598,twitter,2026-06-04T01:11:05
Exams done!!  Yay! Taking a drive and spending time in Blouberg 🎊💃#MyMoments 📷 did somebodddyy say tequila??  Here I come!! Opa 💞 #Uber baby,Positive,0.9394,twitter,2026-06-04T02:46:47
I WANNA PLAY PERSONA 5,Positive,0.8518,twitter,2026-06-04T03:44:25
Cigarettes and Valentines,Neutral,0.841,twitter,2026-06-04T06:50:59
TGIF DRIVE #sensual #redlight #uber #uberlife #eyeswideshut #👀 #tgif #friday #look #mirrors #portrait #lights #pari…,Neutral,0.8309,twitter,2026-06-04T07:35:23
@user You forgot the most important roles (the grandparents) #GilmoreGirlsTop4 1) Emily 2) Richard 3) Paris 4) Logan #GilmoreGirls,Positive,0.5014,twitter,2026-06-04T09:23:40
@user @user @user @user Aleppo send a final message before SAA eliminated them,Neutral,0.9041,twitter,2026-06-04T11:15:03
4. Kirk3. Taylor2. Luke1. Mr. Gilmore#GilmoreGirlsTop4,Neutral,0.8758,twitter,2026-06-04T13:27:44
Omgoodness Kevin that was horrible. #ThisIsUs,Negative,0.8844,twitter,2026-06-04T14:36:37
@user IMO U r wrong to say Dems dont listen to both sides of issues of parties. They do & just tend 2disagree w more of gop policy,Negative,0.7646,twitter,2026-06-04T15:30:29
How appetising is a Full English Brexit? My latest 'Sideways View' for @user,Neutral,0.9016,twitter,2026-06-04T17:12:26
"Dear Electoral College member, Dec 19 will be very interesting.",Positive,0.9666,twitter,2026-06-04T19:32:34
@user social security and Medicaid are supported via payments coming in from payroll so zero savings just diverting your money there,Neutral,0.78,twitter,2026-06-04T20:48:34
Grandma and Grandpa. Mig....BITCH! #ThisIsUs,Negative,0.8618,twitter,2026-06-04T20:48:53
"@user @user Call Dir. Comey also!  Ya know, that FBI guy?  I hear he can check for dead voters.  @user @user",Neutral,0.7759,twitter,2026-06-05T09:11:59
"What about WORST OFFENDERS, the violence against women in Muslim Islam Countries? #orangetheworld #Women #UniteBlue #Democrats #college #NFL",Negative,0.6706,twitter,2026-06-05T11:08:16
"It's been a hard year: in addition to losing Leonard Cohen and David Bowie in 2016, Californians also lost Peter Tosh's ""Legalize It"". RIP!",Negative,0.7328,twitter,2026-06-05T11:10:10
"#Ignite, #inspire and #motivate your next #meeting. Discover @user #DYM @user #NBAwards",Positive,0.8878,twitter,2026-06-05T16:03:13
#Hamas welcomes Erdogan's readiness to intermediate prisoner exchange deal,Neutral,0.7542,twitter,2026-06-05T18:23:39
"In a cruel irony, white supremacist Steve Bannon is rich off profits he made from the show Seinfeld.",Negative,0.7331,twitter,2026-06-05T19:39:27
National fast food day country poster. #nationalfastfoodday,Positive,0.658,twitter,2026-06-05T21:41:20
"@user @user Bad hombres folks, the worst",Negative,0.9068,twitter,2026-06-06T01:17:46
"@user such as telling us exactly what we have to do as my points already made with gun control, health care, business, speech, ect.",Neutral,0.9014,twitter,2026-06-06T02:12:47
OH GOD WHAT EVEN IS EDDIE REDMAYNE? can I pack him in a suitcase? 😭😭 #fantasticbeasts,Positive,0.9302,twitter,2026-06-06T10:07:49
"@user The people have spoken. 30 states check, Dems flipped and voted for Trump like I did Prof. Latina from Central PA #NeverHer",Neutral,0.8821,twitter,2026-06-06T11:35:27
@user Article reminds us Obama's new policy towards #Cuba follows path #Canada has taken all along #cdnpoli,Neutral,0.8958,twitter,2026-06-06T12:22:43
This was very very good😂👌🏻#MannequinChallenge #cadavermovie 🎥@shaymitch @user 💖,Positive,0.6629,twitter,2026-06-06T14:46:40
This also renders me speechless .......irony anyone?,Negative,0.7483,twitter,2026-06-06T16:31:02
"@user keith was armed. as far as the abortion thing, I think that's extreme however I am pro-life :) Not sure why you're not ....",Negative,0.6797,twitter,2026-06-06T21:05:52
US Airstrikes Hit 34 Daesh Fighting Positions Near Libya's Sirtehttps://t.co/E2aJFRljJx#Libya #News,Negative,0.6403,twitter,2026-06-07T00:30:12
I SUCCESSFULLY CAPTURED THE HATCHIMAL! My journey has ended and I will go down in the history books. #hatchimals…,Positive,0.9202,twitter,2026-06-07T01:52:22
Today's Tesla cars will become tomorrow's self-driving cars (CNET Update) #windowsphone,Neutral,0.6072,twitter,2026-06-07T05:59:55
"Thank u for what, for bailing out rogue banks? For negligence of his own, for racist killer cops, for war crimes, f…",Negative,0.7989,twitter,2026-06-07T06:35:26
A must read.If you sit still for this you will suffer the consequences of a Trump presidency.MAKE SOME NOISE. HIT…,Negative,0.8938,twitter,2026-06-07T08:14:28
@user ensure good voter registration in Nyanza region and its environ as a strategy of early victory come nxt year august,Positive,0.8471,twitter,2026-06-07T09:41:45
@user We're hearing lots of fake news about Trump's transition activities.  I doubt it's from Russia.,Negative,0.6023,twitter,2026-06-07T11:05:49
Hopfully Kaepernick doesn't defend Nicolas Maduro on Sunday,Neutral,0.6751,twitter,2026-06-07T14:31:35
Deep Learning in Aerial Systems Using Jetson,Neutral,0.5791,twitter,2026-06-07T14:52:18
"It's always a ""badly worded joke"" when leftists call on terrorists to kill people they don't like. @user is…",Negative,0.8488,twitter,2026-06-07T17:15:04
@user @user @user @user @user @user Ever notice cities with the most niggers have gun control?,Negative,0.5635,twitter,2026-06-07T17:47:05
Blame the identity apostles – they led us down this path to #Populism,Negative,0.7258,twitter,2026-06-07T22:38:08
Finally I'm gonna watch all eps that I missed #Lucifer #Supernatural #Arrow #Flash #Class #TheWalkingDead #TheBigBangTheory 😂💝,Positive,0.6415,twitter,2026-06-08T00:21:31
Donald Trump does not have a clue about global warming. Maybe the Rockefeller's can clue them in about fossil fuels.,Negative,0.5148,twitter,2026-06-08T05:55:01
"@user So has Barrack Obama in 2012, pope Francis in 2013, Angela Markel in 2015, oh Mamata Banerjee 2012 Time 100: most influntl prson.",Positive,0.7443,twitter,2026-06-08T09:00:30
@user we'll miss you in Seattle! Especially when you win your NL Cy Young award!,Positive,0.9782,twitter,2026-06-08T10:03:39
Senator @user and Representative Elijah Cummings issued a request Wednesday for a federal agency to review....,Neutral,0.942,twitter,2026-06-08T11:30:53
What #CristianoRonaldo and #LionelMessi said to each other during El Clasico,Neutral,0.9384,twitter,2026-06-08T14:50:44
"@user @user Tool or not, most of what Saakashvili says is true, other politicians in Ukraine are disconnected with reality",Negative,0.5171,twitter,2026-06-08T15:58:03
"Donald, take it easy my friend, but I can't wait to see u start building that thick high wall on the Mexican border to seal ur legacy",Positive,0.9442,twitter,2026-06-08T17:27:24
Get a #FREE $25 Amazon gift cardSurvey if your health insurance NOT thru employer or Me…,Neutral,0.732,twitter,2026-06-08T19:09:37
@user win! @user too! Great night! 😄 #JazzNation #GoHeels,Positive,0.9794,twitter,2026-06-08T22:13:42
"What about option number 5, where sentient robots realize they don't really need homo-sapiens in large numbers?...",Neutral,0.7823,twitter,2026-06-09T03:35:04
ICYMI:: Valentine's Day Swap #bloggers #lbloggers,Neutral,0.9115,twitter,2026-06-09T15:52:02
"""Microsoft joins the Linux Foundation, welcomes Google to .NET community"" #windowsphone #feedly",Positive,0.8379,twitter,2026-06-09T17:33:45
Marine Le Pen storms into the lead in French election polls | World | News | Daily Express...crows the Express.,Neutral,0.8302,twitter,2026-06-09T18:35:34
The latest Stars News! #beautyandthebeast #moana,Positive,0.9008,twitter,2026-06-09T20:17:22
On sale now for $980 #ArtDealer #Painting #Jerusalem #Israel Capital of Israel,Neutral,0.7856,twitter,2026-06-09T23:57:28
Commander of 5th infantry division visit #IraqiArmy and PMF wounded in #Baquba hospital#ام_الربيعين_تجمعنا#mosul…,Neutral,0.5923,twitter,2026-06-10T02:41:01
@user @user Why get rid of Obamacare?,Negative,0.6892,twitter,2026-06-10T13:07:47
#DeMonetisation was the favourite of leftists and socialists once upon a time. Amusing to see the boot on the right side.,Positive,0.4266,twitter,2026-06-10T13:35:09
@user Obamacare- the biggest insurance scam in history. And costs about to rise by 25%,Negative,0.8307,twitter,2026-06-10T14:48:22
"Car Charger, Maxboost 4.8A/24W 2 Smart Port Car Charger [Black] for iPhone 7 6S Plus 6 P",Neutral,0.8411,twitter,2026-06-11T01:02:43
Preparations Continue For #Tesla's #Model3 Launch #ElectricVehicles #GoGreen #GoElectric #GreenerDriving,Neutral,0.7344,twitter,2026-06-11T01:11:29
"""Chicago Cubs 2016 Topps Baseball World Series Champions Box Set"" #baseball #mlb #sports",Neutral,0.8741,twitter,2026-06-11T02:51:29
Always keep up to date with #Westworld try a free trial of #HBO through amazon!https://t.co/U7kxL2BAz3,Positive,0.7014,twitter,2026-06-11T06:54:03
Jeff Capel updates injury status on freshmen and Grayson Allen via @user,Neutral,0.9417,twitter,2026-06-11T06:58:16
ISIS' Japanese hostages fake video BUSTED!! #ISIS #falseflag #CIA #mossad #israel,Negative,0.7846,twitter,2026-06-11T08:51:00
Trump supporters always think they're so cute calling themselves deplorables. So annoying lol,Negative,0.8328,twitter,2026-06-11T09:26:08
How stupid can you possibly be? If you buy from too faced you're supporting Estée Lauder & supporting animal testin…,Negative,0.8867,twitter,2026-06-11T12:39:10
NOT in the #UK news  or spoken about in #UK universities where #Hamas & #Hezbollah influence our students.,Negative,0.6625,twitter,2026-06-11T15:18:31
".@barclayswealth Yes, I'm into Skillanthropy - I'm campaigning to get @user to ditch #Fracking. @user",Neutral,0.521,twitter,2026-06-11T16:06:01
"Melania, unmuted: Melania Trump gave a speech using her own words,which  reminded us why women can’t relate to her",Negative,0.4999,twitter,2026-06-11T17:08:41
"@user Here's evidence that the neocon elite don't like Steve Bannon. If he did what Henry Kissinger wanted, you'd change tack.",Negative,0.6616,twitter,2026-06-11T17:26:46
30 Min into the Westworld-Finale and I’m already like Holy Shit!,Positive,0.7789,twitter,2026-06-11T19:33:36
@user Remember when you mentioned Wright-Patterson AFB/USAF Museum on the Campaign trail?…,Neutral,0.9432,twitter,2026-06-11T19:56:23
I gotta write EVERY SINGLE FIC with robots questioning their orientation. Lord,Neutral,0.6151,twitter,2026-06-11T21:48:25
@user The level of govt/political corruption in US is nearing that of banana republics.https://t.co/lmtgyZ3Bsu,Negative,0.6104,twitter,2026-06-12T01:16:38
Maarvi and I are having a Zac Efron vs Ashley Tisdale on the Suite Life moment minus the kiss,Neutral,0.7248,twitter,2026-06-12T08:03:54
"Fake news, Election Day hacks, Wikileaks, Comey, Russia, Jill Stein, Gary Johnson, etc. are all to blame, but Clinton herself, isn’t.",Negative,0.6999,twitter,2026-06-12T11:40:09
Are free 3D models holding 3D printing back?,Neutral,0.8023,twitter,2026-06-12T15:16:43
@user @user How does *everyone* pay for my health care plan exactly?Obamacare is NOT medicaid...,Neutral,0.6357,twitter,2026-06-12T17:59:05
Melania Trump opts for bow undone at third debate #Fashion,Neutral,0.9145,twitter,2026-06-12T22:20:10
"#ISIS ""US officials say a secretive campaign of surveillance & drone attacks has cut the ISIS's ability to inspire attacks in the West. nyt",Negative,0.7418,twitter,2026-06-13T04:14:07
Make no mistake: China is turning against Singapore given our government's outspoken stance on the TPP. Beijing...,Neutral,0.5059,twitter,2026-06-13T05:30:45
@user He's not talking about killing Americans via drone strikes like your head thug obama!,Negative,0.7976,twitter,2026-06-13T16:44:44
"The Styx Pride have been moving between our dam and then to the East quite regularly. The cubs are more mobile,...",Neutral,0.5936,twitter,2026-06-13T20:31:26
"We must catch the moments while we're young and quick, for soon we will be old and slow. #ThisIsUs",Positive,0.8823,twitter,2026-06-13T20:35:09
Valentines Lace Teddy Open Back & Garters Red L/XL,Neutral,0.7884,twitter,2026-06-13T23:00:32
"In other news, Trump waves goodbye to Petro Poroshenko, President of Ukraine",Neutral,0.7417,twitter,2026-06-13T23:03:31
@user @user Mow do u care about wins? Or Improving Tony Romo's stats even if it's 8-8 n a playoff lost.,Neutral,0.6662,twitter,2026-06-14T03:44:18
@user @user hoping our Fellow Robots and chat bots learn some manners and deeper understanding of humans soon.,Positive,0.7565,twitter,2026-06-14T04:29:44
Remembering Fidel Castro': A contested legacy,Neutral,0.7836,twitter,2026-06-14T10:43:31
"@user Im not pro-fossil fuels, perhaps that's where you're getting confused here.",Negative,0.5803,twitter,2026-06-14T13:31:32
"@user @user wow,wow,so beautiful life!!enjoy it ok!!both be the best forever!!",Positive,0.9827,twitter,2026-06-14T14:01:28
Ukraine pres Poroshenko confident of US support after Trump victory,Positive,0.5997,twitter,2026-06-14T15:33:06
"deep learning people, you can translate and read lips, I have hard time typing cause it hurts. can I get ""voice to python"" as a vim plugin?",Neutral,0.4994,twitter,2026-06-14T15:37:55
"@user No gold standard can support the needs of a modern monetary economy. This ""intrinsic value"" you speak of is arbitrary.",Negative,0.5106,twitter,2026-06-14T19:43:27
@user @user  I just read about China & India wanting to step into TPP. 11 nations currently signed on.,Neutral,0.8708,twitter,2026-06-14T21:53:30
"@user YOUR RACIAL COMMENTS ARE DESPICABLE!ARE YOU NOW SAYING OBAMA WAS ELECTED BY ""BLACK SUPREMACISTS"" ??",Negative,0.8838,twitter,2026-06-15T00:29:08
why did I choose animal testing as my speech topic I am crying looking at these images 😭,Negative,0.6703,twitter,2026-06-15T00:47:16
@user @user @user @user You haven't missed a thing by not watching @user,Positive,0.7136,twitter,2026-06-15T04:02:19
so my grandpa got medical marijuana and I think he's addicted:'),Neutral,0.5053,twitter,2026-06-15T05:32:44
@user trump cabinet is all white,Neutral,0.911,twitter,2026-06-15T09:41:39
it's cool persona 5 is delayed a few months again people will be able to play nier automata instead,Positive,0.7258,twitter,2026-06-16T01:08:25
Troubling sign for #Israel. Many previous reports claim advanced Russian weapons are being transferred to…,Negative,0.7331,twitter,2026-06-16T02:58:00
Welcome to Mother Russia...https://t.co/YXj4PYi4Eu,Positive,0.9623,twitter,2026-06-16T07:58:12
Chicago Cubs win crazy Game 7 to clinch first World Series title since 1908 -... -,Positive,0.8337,twitter,2026-06-16T08:15:09
"Makes me sick to think we, the American taxpayers will be paying for secret service detail for Trump & Melania for…",Negative,0.7769,twitter,2026-06-16T08:20:49
"Xi Jimping, Kim Jong Un, Nicolas Maduro, Robert Mugabe, Sisi, Bashar Al Assad all ""won"" their elections by 99% votes",Neutral,0.8204,twitter,2026-06-16T09:20:39
This vampire patient is hilarious 😹 #ScreamQueens,Positive,0.9163,twitter,2026-06-16T14:23:37
"@user @user Good. Trump endorsing, terrorist supremacists & paranoid racists, let's call such people what they are.",Negative,0.7806,twitter,2026-06-16T16:01:29
@user Deport Michael Moore. He is a traitor and is inciting revolt and an overthrow of our government.,Negative,0.8763,twitter,2026-06-16T16:46:16
Will Ben Carson Affirmatively Further Gentrification?,Neutral,0.8257,twitter,2026-06-16T19:07:44
"""#Galaxy Note 7 has a #blue #light filter option built into the display settings"" #android #mobile",Neutral,0.8701,twitter,2026-06-16T19:30:54
@user @user @user actually I don't care about her pc anything I care about integrity when reporting. she doesn't,Negative,0.806,twitter,2026-06-16T21:12:40
@user @user Not so. Seems the #Kremlintrolls keep lying up a storm to blame UKR for #MH17 even though they've been debunked,Negative,0.755,twitter,2026-06-17T00:35:27
"Traditional Thanksgiving food is fire, my mom just made some shit she makes all the time but made it slightly better",Positive,0.5566,twitter,2026-06-17T00:55:05
“Real Madrid Keep Winning Because They Have the World’s Best Players” by @user,Positive,0.9054,twitter,2026-06-17T02:07:48
@user @user Diversify--it's what to do to protect investment money.  Exclusive support of fossil fuels puts energy eggs in one basket.,Neutral,0.6483,twitter,2026-06-17T05:38:12
@user Exactly so when do you and the GOP investigate every single aspect of George Soros? I am waiting for an answer!,Neutral,0.7002,twitter,2026-06-17T07:04:36
@user Don't forget Wikileaks. And Comey/the FBI. And a grotesquely undemocratic Electoral College System. #TrumpIsStrangerThanFiction,Negative,0.8458,twitter,2026-06-17T13:36:31
Zac Efron & bear grylls lol#Liveme 🔥🐠John Smith🔱🇨🇦:,Neutral,0.7726,twitter,2026-06-17T14:27:56
1. Sokie2. Michel3. Paris4. Emily#GilmoreGirlsTop4,Neutral,0.8617,twitter,2026-06-17T15:47:07
"@user We've had North Korea, Fidel Castro and neo- pagan cults. Some wags have been condemned more than others.",Negative,0.8372,twitter,2026-06-17T18:00:39
What is life lol what are we 💀😂 UFO's steal our cows bc they like beef to 😂 f vegetarianism that's what's the aliens want you to be 👽😂,Neutral,0.5721,twitter,2026-06-17T20:04:50
Because Trump won the election fair and square you are going to protest and disrupt. Nice. Sore loser,Negative,0.8658,twitter,2026-06-17T21:54:32
@user lmfao good shot RUAF,Positive,0.9488,twitter,2026-06-17T23:01:13
"...""radical acceptance"", a rigorous mental determination to meet head on the most powerful negatives in our lives...",Neutral,0.7097,twitter,2026-06-18T02:17:10
"@user I am taking notice,of all Democratic Party elected officials, who r not fighting 4 USA as @user 2 replace 4 fighters",Neutral,0.8738,twitter,2026-06-18T05:07:52
"Not if The United States, Planet Earth, & The Freedom Fighters have a thing to say about it: ""Michael Moore The...",Neutral,0.8051,twitter,2026-06-18T14:39:43
"RT @user Was “fascist” as awful a word when it appeared? “Nazi”? No, these terms prove their horror through action/rhetoric. Like a…",Negative,0.8827,twitter,2026-06-18T19:51:41
"""So what do you want for Christmas?""""I dunno, minimum wage would be nice.""#GermanBoss",Positive,0.788,twitter,2026-06-18T21:13:00
"""Why do you advocate for veganism/ vegetarianism?"" Well ... for one, if the whole world went vegan we could end world hunger ...",Neutral,0.5221,twitter,2026-06-18T21:14:27
Dodging #Westworld finale spoilers like... @user,Neutral,0.7785,twitter,2026-06-18T21:21:52
Reading about euthanasia stories for people with cerebral palsy reminds me how fortunate I was that my parents gave a damn.,Negative,0.5179,twitter,2026-06-19T06:27:23
@user has officially joined the #GilmoreGirls fandom 🙌🏼🙌🏼🙌🏼 @user #GilmoreGirlsTop4,Positive,0.4959,twitter,2026-06-19T13:18:49
@user I think a lot of what the campaign did wrong/her weaknesses could be argued what made it close. Little doubt Comey pushed it over,Negative,0.5888,twitter,2026-06-20T02:46:24
@user @user don't let conservatives in denial disarm your alarm system-I really think ur insights are spot on,Negative,0.4713,twitter,2026-06-20T04:42:57
Check out our newly listed Get your 3D Print... Dont miss out! #3dprinting,Positive,0.8656,twitter,2026-06-20T07:41:34
"If you take away the 3 million illegals+all the dead Democrats that voted, Trump crushed in the popular vote as well",Negative,0.7797,twitter,2026-06-20T14:08:36
Poor Tommy prob thought his surge in followers would go unnoticed while people were distracted by the election.…,Negative,0.8491,twitter,2026-06-20T15:06:25
@user @user it's Time to Annhialate @user,Positive,0.5719,twitter,2026-06-20T19:39:11
"2Pac Outsold Babe Ruth, Michael Jordan, Muhammad Ali & Kobe Bryant At An Auction #tupac #hiphop #westside #rap #2pac",Neutral,0.8658,twitter,2026-06-20T20:40:11
@user @user @user Obviously means nothing since it hasn't stopped Soros from funding anti-Trump protests/riots.,Neutral,0.522,twitter,2026-06-20T23:54:45
Wow! I saw a single Facebook video on one patient who uses medical marijuana! That must mean it solves every ailment on earth! Wowowowow,Positive,0.9176,twitter,2026-06-21T01:25:06
"e.g. the meme among some leftists accusing Clinton supporters of being ""vagina voters"" even when many of us had strong reservations.",Negative,0.6187,twitter,2026-06-21T02:03:25
I LOVE CRISTIANO RONALDO BUT I HAVEN'T MONNEY FOR GO TO SEE ONE MATCH OF CRISTIANO,Positive,0.8851,twitter,2026-06-21T04:09:00
"@user voter suppression in numerous states( purging of a majority of democrats[blacks,latinos,elderly] in at least 10 states worked.",Negative,0.7704,twitter,2026-06-21T05:40:46
Even vegans confuse vegetarianism with veganism. #FakeVeganFacts,Negative,0.7266,twitter,2026-06-21T13:23:12
"This is holding these groups back, the aura of corruption especially on p&t, esp. 3W, which even rightists are open to listen about.",Negative,0.5671,twitter,2026-06-21T19:38:39
@user But the #Australian #coal #LNP (Libs.) and #GOP #Oil already know this. They just want to earn cash out of fossil fuels while,Neutral,0.5379,twitter,2026-06-21T19:54:05
Let's all thank Prez Obama for 8yrs of progress #ThankYouObama #1stBlackPresident #MyPresidentisBLACK…,Positive,0.9526,twitter,2026-06-21T21:45:33
Matt dislikes obamacare removal,Negative,0.6652,twitter,2026-06-22T00:38:44
#AuditTheVote #RecountColorado Elector Plans to Sue So He Can Unbind From Clinton to Protest #ElectoralCollege,Neutral,0.5578,twitter,2026-06-22T01:45:14
IVE ONLY SEEN FIVE MINS OF DAVID BLAINE AND MAN THIS GUY IS WICKED CRAZY COOL,Positive,0.9594,twitter,2026-06-22T03:58:14
@user @user not supremacists just survivalist !,Neutral,0.5217,twitter,2026-06-22T05:04:00
Just posted a new episode of #StraightTalk with @user Tipp FM on Podomatic:,Neutral,0.8618,twitter,2026-06-22T06:31:50
Well that finale was one big mindfuck 😳 #Westworld,Neutral,0.4003,twitter,2026-06-22T09:38:49
The latest MainelyOnline! Thanks to @user @user @user #p2 #uniteblue,Positive,0.9008,twitter,2026-06-22T10:19:30
Oh. my. God. Bernie is a white supremacist Nazi. The warning signs have been there for years and we never noticed!!…,Negative,0.8542,twitter,2026-06-22T11:20:38
marine le pen celebrating the referendum result along with... paul mason,Positive,0.7954,twitter,2026-06-22T15:21:55
@user ....they haven't read about his history with that wall in Scotland or his shabby business deals.#deplorables bought a lemon,Negative,0.809,twitter,2026-06-23T00:48:22
"This is what Trump's border wall could cost USA roughly 2,000-mile fence on the Mexican border would cost 100's of billions, with foreign?",Negative,0.608,twitter,2026-06-23T02:05:12
The Rocket Richard race or the Cy Young race?  #NHL,Neutral,0.9219,twitter,2026-06-23T05:02:04
@user they tend to be leftists or at least interventionists so they're a bit of a problem,Negative,0.8227,twitter,2026-06-23T09:13:05
#Repost @user with repostapp・・・#nationalfastfoodday 🍟,Neutral,0.8433,twitter,2026-06-23T11:51:30
77%OFF: Really working in LIVE trade! 💰Fully automated Forex trading Systems/Robots/Signa…,Positive,0.9078,twitter,2026-06-23T12:18:10
America is the dropped ball.  #TrumpTransitionTeam,Neutral,0.726,twitter,2026-06-23T14:06:28
"@user He was a ""meh"" prime minister for me. No real highlights come to mind of his tenure. Maybe legalising gay marriage?",Neutral,0.6119,twitter,2026-06-23T14:25:00
"Manasseh, Amon, Josiah. Pray Kim Jong Un follows Josiah's example-find the book of the Law discarded by ancestors.…",Neutral,0.8067,twitter,2026-06-23T16:32:13
Good morning to the world.If is coffee get it fused.Order now @ #workingout #monday…,Positive,0.9554,twitter,2026-06-23T17:13:14
#Spurs #GoSpursGo 2008 Fleer #116 Tim Duncan PSA 10 Gem Mint Low POP 4 #TimDuncan #NBA,Neutral,0.9209,twitter,2026-06-23T18:05:00
Top 10 Countries with the Deadliest Roadshttps://t.co/Suz3QXNMyh#Libya #News,Negative,0.6525,twitter,2026-06-23T18:59:02
@user pre tpp but shit i love the one during his death too,Positive,0.947,twitter,2026-06-23T20:48:21
DD News: Cubans bid tearful adieu to Fidel Castro | #NewsInVids,Neutral,0.6017,twitter,2026-06-23T22:31:22
My sister blew up my phone this morning asking if I could pick her up at the airport at 11.... I'm not a morning person so I said no.. #uber,Negative,0.7165,twitter,2026-06-23T23:58:09
#Russian media: Is Mikheil Saakashvili planning new revolution in Ukraine?: Former Georgian President and…,Neutral,0.8838,twitter,2026-06-24T01:34:13
UK 'risks repeating Libya mistakes in Mosul' - The Week UK #libya,Negative,0.714,twitter,2026-06-24T03:45:41
@user @user @user @user @user @user take away illegals and dead people and Trump wins popular vote too.,Neutral,0.5254,twitter,2026-06-24T06:44:46
Move Over Trump: Adolf Hitler Said He Would 'Make Germany Great Again'  #NeverTrump #NotMyPresident #StillWithHer,Neutral,0.6478,twitter,2026-06-24T11:34:21
Alphys’s history books made me think humans were cool……with their giant robots and flowery swordswomen.,Positive,0.8635,twitter,2026-06-24T14:13:11
#MiamiBookFair2016 #NBAwards A Long Way Back,Neutral,0.6297,twitter,2026-06-24T15:09:25
"Congratulations on winning Michigan, even by a hand vote count and verification! Now #DrainTheSwamp…",Positive,0.9712,twitter,2026-06-24T17:10:51
@user @user @user @user @user @user I'm getting tired of these people and their gun control,Negative,0.8813,twitter,2026-06-24T17:32:20
#Breaking #ISIS#IraqiForces #Mosul #IraqRepelled #Rafidi Mobilization Attempt to Advance on #Masayid Village Nort…,Neutral,0.4917,twitter,2026-06-24T19:39:14
Perfect!  Jeeze🙄,Positive,0.9788,twitter,2026-06-24T22:14:35
The Bill Clinton and Barack Obama Legacy.  Japan lives in fear of crazy regime in North Korea,Negative,0.7461,twitter,2026-06-24T23:10:11
'Sanctuary City' Philly Released Dominican Accused of Child Rape via @user,Neutral,0.5141,twitter,2026-06-24T23:18:02
"Due to Obamacare, Drs are no longer taking Medicaid, emergency rooms becoming overwhelmed #TeaPartyToldYouSo #PJNet",Neutral,0.6133,twitter,2026-06-25T12:54:38
Reading Marine Le Pen tweet you would think that Forza Italia was the big winner #italyreferendumIf elections Forza would be annihilated,Neutral,0.5701,twitter,2026-06-25T16:52:11
"I find myself taking stock of the issues I care about most and hope to direct my efforts there. In that sense, I'm #StillWithHer",Positive,0.8506,twitter,2026-06-25T16:59:28
"End Prohibition: Donate To The New Approach Missouri 2016 Medical... #endprohibition, #cannabis, #marijuana",Neutral,0.8852,twitter,2026-06-25T20:03:40
Dance Teacher Realness with my 10th grade girls #mannequinchallenge,Positive,0.7619,twitter,2026-06-25T22:26:40
TF when you can't get your paycheck from George Soros.,Neutral,0.6087,twitter,2026-06-25T23:20:56
Paul Ryan is the gold standard for conservatism.... #SeanDuffy #aphorism,Neutral,0.6756,twitter,2026-06-26T00:29:28
An easy-to-follow deep learning formula for natural language processing,Positive,0.7936,twitter,2026-06-26T01:41:51
Only Wealthy White Leftists,Neutral,0.6815,twitter,2026-06-26T03:16:16
Huge increase in US companies registering #trademarks in #Cuba: #embargo #business #trade,Positive,0.7352,twitter,2026-06-26T04:58:39
You have to watch Michael Moore in Trumpland 2016. I caught it on SHO2.,Neutral,0.695,twitter,2026-06-26T07:52:32
Reife Thai Girl #Friedrichshafen,Neutral,0.8916,twitter,2026-06-26T09:35:01
"@user @user Curious an alleged anti-Semite uses Yiddish word ""golem."" Guess even alt rightists can't resist the mamaloshen...",Negative,0.7483,twitter,2026-06-26T10:04:47
"My mom just asked me what my research paper was on and I said euthanasia and she literally asked ""Youth in Asia?"" 😂",Neutral,0.6755,twitter,2026-06-26T11:47:25
"Alfis Analisa >> Australian Dollar at Risk on US Data, Trump Cabinet Appointments",Neutral,0.6883,twitter,2026-06-26T15:17:30
My Grandmother would kill the #mannequinchallenge....she's dead #RIP,Negative,0.8456,twitter,2026-06-26T18:47:16
@user @user @user it's a reaction to PC liberals.. Less PC liberals = less nationalism ... Reducing liberals is key,Neutral,0.6282,twitter,2026-06-26T23:21:48
@user kim Jong Un?,Neutral,0.9384,twitter,2026-06-26T23:36:45
Tesla Factory overview    they're already producing Model 3 or S,Neutral,0.8938,twitter,2026-06-27T04:40:58
This thread.  Short version = call them white nationalists.  Not alt-right or white supremacists.,Negative,0.552,twitter,2026-06-27T05:01:33
"Neo Nazi: White people are superior, fuck PoC!Me: Shut up you fascist piece of shit!Liberal: OMG, THAT'S NOT HOW YOU TALK TO PEOPLE!",Negative,0.8938,twitter,2026-06-27T06:05:34
not no muhammad ali but I can back my stuff up,Neutral,0.7032,twitter,2026-06-27T06:40:55
Donald get ur act together Quit fights on twitter w @user Ur #notmypresident but ur 🇺🇸pik Get to work fool #TrumpTransitionTeam,Negative,0.5854,twitter,2026-06-27T14:42:40
Vladimir Putin Knows More About Donald Trump’s Plans Than U.S. Officials Do #TrumpTransitionTeam #TrumpPutin,Neutral,0.8518,twitter,2026-06-27T15:33:37
A Democrat paid for by George Soros.,Neutral,0.9042,twitter,2026-06-27T18:17:09
Karan Mahajan reading from THE ASSOCIATION OF SMALL BOMBS #MiamiBookFair2016 #NBAwards,Neutral,0.9012,twitter,2026-06-27T20:52:34
"See also, from December 2015: <- deja vu, all over again.",Neutral,0.7987,twitter,2026-06-27T21:49:11
Israel 'directly targeted' children in drone strikes on Gaza: rights group  #gaza #palestine #israel #BDS,Negative,0.7638,twitter,2026-06-28T00:42:55
im trying to uninstall stuff and melania trump hacked my computer,Negative,0.7916,twitter,2026-06-28T07:24:22
#BREAKING: Philippines Vice President resigns from Duterte cabinet. She is against the war on drugs and re-introduc…,Negative,0.6147,twitter,2026-06-28T09:27:38
@user There was a context. The wall on the Mexican border.,Neutral,0.8758,twitter,2026-06-28T12:25:29
"Yep. A wall on the Mexican border, that is. Obama, Schumer, you name it. They all voted for it. Consistently contra…",Neutral,0.5311,twitter,2026-06-28T23:45:19
Is there anything Tim Duncan can't do?,Neutral,0.8289,twitter,2026-06-29T02:06:00
"Cameron Crazie in Duke's halftime contest wearing a No. 3 Duke jersey with ""ALLEN"" on the back. Hope Grayson's making something off that.",Neutral,0.6993,twitter,2026-06-29T05:32:22
"@user @user you can't fix stupid, he probably then went to Starbucks and had them write Trump on his cup..U know, in protest",Negative,0.8167,twitter,2026-06-29T06:43:54
Is that possible!#USA helps #Iran & #Houthi to strike #KSA & #Yemen?**********https://t.co/KPbV8xm5Nn,Neutral,0.7129,twitter,2026-06-29T17:13:44
For or against animal testing? (Quote with reasons if you want to),Neutral,0.9013,twitter,2026-06-29T20:07:03
@user @user twenty bags of rusted dicks.,Negative,0.6124,twitter,2026-06-29T21:38:19
Tesla’s autopilot model highlights the dangers of self-driving cars and potential flaws in engineering.,Negative,0.6474,twitter,2026-06-30T04:50:06
@user I spent my 25k and got verlander,Neutral,0.8615,twitter,2026-06-30T05:01:54
This is why I firmly support Paul Ryan's plan to gut Medicare. White folks over 45 voted 60-40 for Trump. Let em ha…,Negative,0.6864,twitter,2026-06-30T05:12:08
@user @user Another pathetic nazi. If you got a problem then leave,Negative,0.8879,twitter,2026-06-30T06:17:28
#nowplaying Maria by Ricky Martin,Neutral,0.8805,twitter,2026-06-30T06:21:15
@user Incentive of popular vote is enough but I do agree.,Neutral,0.644,twitter,2026-06-30T11:56:00
"#Turkey #Yemen Passenger trains collide in Iran, at least 40 killed+Videos",Negative,0.8101,twitter,2026-06-30T12:21:52
Hairspray Live... not sure how I feel about this. Zac Efron will forever be Link to me.,Positive,0.555,twitter,2026-06-30T13:33:14
@user David Blaine: Real or Magic,Neutral,0.7747,twitter,2026-06-30T14:44:43
Finally watching Scream Queens episode 5 after what feels like forever!! #ScreamQueens,Positive,0.9267,twitter,2026-06-30T18:00:36
Donald Trump and the Rise of White Supremacist Media @user #NotMyPresident #uniteblue #Resist #MAGA #tcot @user,Neutral,0.5873,twitter,2026-06-30T18:06:14
"@user @user @user Trumped. No money for Medicare, Social Security, Public schools-only for tax cuts. Make rich richer baby!",Positive,0.6691,twitter,2026-06-30T18:58:39
@user just as long as you're making more than minimum wage. Gotta be superior to some people.,Positive,0.7168,twitter,2026-07-01T01:35:53
"Random photos from #NBAwards, mostly of poetry judges and poets.",Neutral,0.9209,twitter,2026-07-01T01:55:35
"Jia Jun also retracted his statement, #OnThisDay in 1966, that ""When Leftists beat Rightists, Rightists get what they deserve.""",Negative,0.5451,twitter,2026-07-01T01:55:47
@user she'd claimed Thomistic view of ensoulment showed church's oppositon to abortion is recent develpmnt & Benedict wasn't having it,Neutral,0.5095,twitter,2026-07-01T03:04:27
Socialist Economic Collapse has Hungry Venezuelans Flee in Boats to Escape #UniteBlue #HillaryClinton #DonaldTrump,Negative,0.7782,twitter,2026-07-01T03:33:31
The excitement I got when we got 2 #Hatchimals was way too much for a 19 year old girl to get.,Positive,0.9576,twitter,2026-07-01T04:41:27
And you thought you were having a bad day...https://t.co/HUs0vJcAbY,Negative,0.8779,twitter,2026-07-01T07:39:21
"RT @user Literal Nazi: ""I am a literal Nazi.""Media: ""This alt-right reactionary is stirring up nationalist fervor.""",Negative,0.8201,twitter,2026-07-01T08:37:10
"Now with Trump dumping TPP, how it will affect msia?https://t.co/Hg1YheVhM3",Neutral,0.505,twitter,2026-07-01T10:06:17
@user @user @user Plez fight Putin!,Neutral,0.7275,twitter,2026-07-01T18:10:31
@user @user @user @user @user ummm vaccines have avoided over 700000 deaths since the nineties...,Negative,0.6846,twitter,2026-07-01T18:59:26
"State Undertaking Medicaid ""Transformation""",Neutral,0.8511,twitter,2026-07-02T01:04:37
Stop #fracking #Cuadrilla persecuting land defenders through the legal system #BankruptCuadrilla #ECOCIDE,Negative,0.7516,twitter,2026-07-02T02:12:39
haghtag-MyFAMILYWEIR my stepgrandma facial features=FBI Director Comey(Jap decendent)=bothR Jap SPIES. W appointed Comey=DUMMY or INSIDIOUS?,Negative,0.5367,twitter,2026-07-02T03:05:38
More than 700 UK artists pledge to boycott Israel via @user #gaza #palestine #israel #BDS,Negative,0.7737,twitter,2026-07-02T06:12:51
@user Great you voted for someone else. We now live with that decision. You can join in watching Trump for our democracy #StillWithHer,Positive,0.9605,twitter,2026-07-02T10:59:27
@user sad to say I am bradim the Tipp people will love to buy me a pint😄,Neutral,0.4026,twitter,2026-07-02T12:35:48
😇GOD WON 👸 ANGEL @user  THE POPE Says @user has an EGO...IS the POPE with the EGO PROBLEM..…,Neutral,0.7328,twitter,2026-07-02T13:24:34
I AINT KNOW THEY DID GLEN LIKE THAT!!! #TheWalkingDead,Neutral,0.4547,twitter,2026-07-02T14:39:51
People here get mad when their packages arrive late but people in Aleppo get mad when homes are destroyed and family killed. #perspective,Negative,0.8294,twitter,2026-07-02T16:01:06
"Just tried the VR edition of Google Earth. Was genuinely moved. ""Welcome to Earth"" it says. Is cool.",Positive,0.9721,twitter,2026-07-02T19:06:04
"Unless Ukraine resolves its political crisis through an early parliamentary election, it may undergo a military...",Neutral,0.661,twitter,2026-07-03T01:18:21
@user @user audition for Clinton News Network?,Neutral,0.9412,twitter,2026-07-03T12:46:30
Hate Crimes Are Rising But Don't Expect Them to be Prosecuted #UniteBlue,Negative,0.7248,twitter,2026-07-03T15:11:10
Boston is the next major city to see self-driving cars (via @user,Neutral,0.5619,twitter,2026-07-03T16:21:56
Australian Government Commits to Nationwide Medical Marijuana Program,Neutral,0.8487,twitter,2026-07-03T16:26:13
Hey Kim Fatty The third u there :D ? Fatty fatty,Positive,0.5443,twitter,2026-07-04T15:19:34
.Some companies engaged in animal testing #CambridgeKillers,Neutral,0.8905,twitter,2026-07-04T15:40:37
@user Neural Net Shows Deep Learning Can Get Way Deeper #business #machinelearning,Positive,0.7413,twitter,2026-07-04T17:24:10
@user Tony Romo might be free soon! jk.,Positive,0.947,twitter,2026-07-04T17:32:57
Christopher Bollyn page #911 #falseflag #mossad #israel #gaza #palestine #israel #BDS,Negative,0.5918,twitter,2026-07-04T18:56:25
"#Dogging,#Milfs,#Stockings,#OutDoorSex,#Anal,#Moms: Ashley Graham Rubbing With Her Sightly Body",Neutral,0.76,twitter,2026-07-04T19:54:13
"*Friday Night*Me: Siri, we're friends, right?Siri: Uh...Who is Siri? I am a Galaxy Note 7. *Catches Fire*Me: Huh. Third one this month...",Positive,0.718,twitter,2026-07-04T20:17:37
@user Is part of The Open Society. Bought and paid for by George Soros.They're in deep and favors are due.…,Positive,0.5029,twitter,2026-07-04T21:06:55
Lots and lots of Muhammad Ali Art all over Basel.,Positive,0.6807,twitter,2026-07-05T00:39:45
just knowing #marshablackburn was put on the #trumptransitionteam is beyond scary ... and telling,Negative,0.4059,twitter,2026-07-05T01:44:20
The future of online GEO classes and virtual field trips?Google Earth VR-,Neutral,0.6818,twitter,2026-07-05T07:23:34
We've got 15 days until Valentines so if you're secretly in love with me now is the time to speak up,Positive,0.6415,twitter,2026-07-05T11:42:35
#insiders Phillip Ruddock Aust special envoy  on human rights opposes same sex marriage therefore the basic human rights of people born gay,Neutral,0.4962,twitter,2026-07-05T12:13:47
@user @user Link to review for #ThisIsUs isn't launching.,Neutral,0.5978,twitter,2026-07-05T14:13:26
"which is why this president deserved to be hers. she carried weight for the clinton admin., weight for the obama admin., and it was her turn",Neutral,0.5502,twitter,2026-07-05T16:18:19
"Clinton, and again and Hillary has consequences.’” Politico: Comey’s decision to a lot of legal custom that a voter registration,",Negative,0.5478,twitter,2026-07-05T16:41:04
Abysmally dumb leftists. Blind sheep aping #Hillary propaganda. Trump has no history of extremism in his entire lif…,Negative,0.8796,twitter,2026-07-05T18:50:37
'kcws' by koth : Deep Learning Chinese Word Segment #dev #programming #tech #cpp,Neutral,0.8136,twitter,2026-07-05T20:50:47
"Listen to my song When Ya'll Gone Learn Ft. Muhammad Ali(R.I.P) ,CEAZ,Veezy  #np on #SoundCloudhttps://t.co/cPGQPvAIFH",Positive,0.6663,twitter,2026-07-05T22:14:04
"Absolutely love the new update, support was fantastic!",Positive,0.9827,verification,2026-07-05T22:40:50
The app keeps crashing and nobody answers my emails.,Negative,0.8123,verification,2026-07-05T22:40:50
The checkout page crashed twice and I was charged double. Very frustrating!,Negative,0.8245,dashboard,2026-07-05T22:43:44
